{
  "patch_size": 50,
  "batch_size": 128,
  "epochs": 20,
  "learning_rate": 0.0006094046787183485,
  "validation_split": 0.2126883644906568,
  "num_workers": null
}